doc_id	split	source_file	provider	candidate_rank	candidate_title	candidate_doi	candidate_year	candidate_venue	candidate_oa_status	candidate_licenses	abstract_support	support_reason	query_used
27	test	0text27.txt	crossref	1	5.2. Korea has become one of the most energy-intensive economies in the OECD area	10.1787/888932303157					unknown	crossref_no_abstract_available	"""(PD), and Huntington's disease (HD), has become a great challenge for society at large. Most of these diseases"""
27	test	0text27.txt	crossref	2	Abroad	10.1080/05775132.1980.11470598	1980	Challenge			unknown	crossref_no_abstract_available	"""(PD), and Huntington's disease (HD), has become a great challenge for society at large. Most of these diseases"""
27	test	0text27.txt	crossref	3	Alterations in the Myelin Sheaths Adjacent to Traumatic Lesions of Brain	10.1097/00005053-194608000-00020	1946	The Journal of Nervous and Mental Disease			unknown	crossref_no_abstract_available	"""Neurodegenerative disease is a kind of disease caused by the degeneration of neurons and myelin sheaths"""
27	test	0text27.txt	crossref	4	Alzheimer disease and Alzheimer-like dementias	10.21857/m16wjc6j79	2019	Neurodegenerative diseases - dementias : proceedings of the 2nd Rijeka Forum on Neurodegenerative Diseases held on 17th October 2018 in Rijeka			unknown	crossref_no_abstract_available	"""Neurodegenerative disease is a kind of disease caused by the degeneration of neurons and myelin sheaths. With the aging of the global population, the increase of the incidence of neurodegenerative diseases, such as Alzheimer's disease (AD)"""
27	test	0text27.txt	openalex	5	Angiogenic signaling pathways and anti-angiogenic therapy for cancer	10.1038/s41392-023-01460-1	2023	Signal Transduction and Targeted Therapy	gold	cc-by	no	candidate_abstract_no_text_support	proteins vascular biomarkers large detect detecting aptamers detection kind caused degeneration neurons
128	train	0text128.txt	crossref	1	Antioxidants and their physiological roles in redox homeostasis	10.1016/b978-0-443-22335-8.00003-6	2026	Fundamentals of Redox Biology		https://www.elsevier.com/tdm/userlicense/1.0/|https://www.elsevier.com/legal/tdmrep-license|https://doi.org/10.15223/policy-017|https://doi.org/10.15223/policy-037|https://doi.org/10.15223/policy-012|https://doi.org/10.15223/policy-029|https://doi.org/10.15223/policy-004	unknown	crossref_no_abstract_available	functions microelements metals physiological main also crucial development homeostasis redox activity there
128	train	0text128.txt	crossref	2	Batten Disease: A Typical Neuronal Storage Disease or a Genetic Neurodegenerative Disorder Characterized by Excitotoxicity?	10.1007/978-1-4899-0209-2_28	1996	Neurodegenerative Diseases			unknown	crossref_no_abstract_available	"""Neurodegenerative diseases are characterized by a progressive loss of neuronal structures and functions"""
128	train	0text128.txt	openalex	3	Cadmium Toxicity in Plants and Role of Mineral Nutrients in Its Alleviation	10.4236/ajps.2012.310178	2012	American Journal of Plant Sciences	diamond	cc-by	no	candidate_abstract_no_text_support	functions microelements metals physiological main also crucial development homeostasis redox activity there
128	train	0text128.txt	openalex	4	Curcumin as a potential therapeutic agent for treating neurodegenerative diseases	10.1016/j.neuint.2024.105790	2024	Neurochemistry International	hybrid	cc-by	no	candidate_abstract_no_text_support	"""Neurodegenerative diseases are characterized by a progressive loss of neuronal structures and functions"""
128	train	0text128.txt	crossref	5	Fertilizers. Determination of boron, cobalt, copper, iron, manganese, molybdenum and zinc using ICP-AES	10.3403/30330777u					unknown	crossref_no_abstract_available	"""sclerosis (ALS) present certain obvious similarities. Biometal microelements, such as copper, iron, manganese, and zinc, are crucial for"""
133	test	0text133.txt	openalex	1	Abstracts Presented at the Twenty-Sixth Annual International Neuropsychological Society Conference. February 4-7, 1998. Honolulu, Hawaii	10.1017/s1355617798000010	1998	Journal of the International Neuropsychological Society	bronze		no	candidate_abstract_no_text_support	apathy scale depression motor parkinson huntington clinical rating anxiety 0001 symptoms results
133	test	0text133.txt	openalex	2	Advances in the Diagnosis and Management of Psychotic Symptoms in Neurodegenerative Diseases: A Narrative Review	10.1177/08919887231164357	2023	Journal of Geriatric Psychiatry and Neurology	hybrid	cc-by	no	candidate_abstract_no_text_support	apathy scale depression motor parkinson huntington clinical rating anxiety 0001 symptoms results
133	test	0text133.txt	openalex	3	Apathy in Parkinson's disease: clinical features, neural substrates, diagnosis, and treatment	10.1016/s1474-4422(15)00019-8	2015	The Lancet Neurology	bronze	other-oa	no	no_candidate_abstract	apathy scale depression motor parkinson huntington clinical rating anxiety 0001 symptoms results
133	test	0text133.txt	crossref	4	Assessing Non-Motor Symptoms: An Overview of Scales and Questionnaires	10.1007/978-1-908517-60-9_3	2011	Handbook of Non-Motor Symptoms in Parkinson's Disease		https://www.springernature.com/gp/researchers/text-and-data-mining|https://www.springernature.com/gp/researchers/text-and-data-mining	unknown	crossref_no_abstract_available	"""containing demographic data, clinical features of the disease, the results of validated scales and questionnaires evaluating motor activity"""
133	test	0text133.txt	crossref	5	Assessment of Non‐Motor Features of Parkinson's Disease: Scales and Rating Tools	10.1002/9781444397970.ch10	2011	Parkinson's Disease		http://doi.wiley.com/10.1002/tdm_license_1.1|http://doi.wiley.com/10.1002/tdm_license_1.1	unknown	crossref_no_abstract_available	"""containing demographic data, clinical features of the disease, the results of validated scales and questionnaires evaluating motor activity"""
136	val	0text136.txt	crossref	1	A Closed-Loop System for Real-Time Seamless Replacement of Apoptotic Neurons: A Scientific Hypothesis for Reversing Irreversible Adult Neuronal Loss and Cognitive Aging	10.20944/preprints202603.0950.v1				http://creativecommons.org/licenses/by/4.0	unknown	crossref_no_abstract_available	"""Neurodegenerative diseases are conditions characterized by irreversible loss of neurons and loss of cognitive and motor function, mostly occurring in elderly people"""
136	val	0text136.txt	crossref	2	Aging Causes a Preferential Loss of Cholinergic Innervation of Characterized Neocortical Pyramidal Neurons	10.1093/cercor/12.3.329	2002	Cerebral Cortex			unknown	crossref_no_abstract_available	"""Neurodegenerative diseases are conditions characterized by irreversible loss of neurons and loss of cognitive and motor function, mostly"""
136	val	0text136.txt	crossref	3	Common Eye Diseases of Elderly People: Identifying and Treating Causes of Vision Loss	10.1159/000066507	2003	Gerontology		https://www.karger.com/Services/SiteLicenses|https://www.karger.com/Services/SiteLicenses	unknown	crossref_no_abstract_available	"""Neurodegenerative diseases are conditions characterized by irreversible loss of neurons and loss of cognitive and motor function, mostly occurring in elderly people"""
136	val	0text136.txt	openalex	4	Ferroptosis: A Regulated Cell Death Nexus Linking Metabolism, Redox Biology, and Disease	10.1016/j.cell.2017.09.021	2017	Cell	bronze	cc-by-nc-nd	no	no_candidate_abstract	oxidative stress well redox loss neurons increasing neurodegeneration oxygen leads signaling conditions
136	val	0text136.txt	crossref	5	Figure 1. Non-commodity export performance has been undermined by a loss of cost competitiveness	10.1787/888933078984					unknown	crossref_no_abstract_available	"""Neurodegenerative diseases are conditions characterized by irreversible loss of neurons and loss of cognitive and motor function, mostly occurring in elderly people. The increasing age has been the most consistent risk factor for developing"""
143	train	0text143.txt	crossref	1	Airborne particulate matter and the lung-brain axis: unraveling the neuroinflammatory cascade from alveolar irritation to microglial activation	10.1186/s12974-026-03770-x	2026	Journal of Neuroinflammation		https://creativecommons.org/licenses/by-nc-nd/4.0|https://creativecommons.org/licenses/by-nc-nd/4.0	unknown	crossref_no_abstract_available	neuroinflammation biomarkers clinical microglial astrocyte activation potential markers evidence identified imaging neuroinflammatory
143	train	0text143.txt	crossref	2	Astrocyte galectin-9 potentiates microglial TNF secretion	10.1186/s12974-014-0144-0	2014	Journal of Neuroinflammation		http://creativecommons.org/licenses/by/4.0	unknown	crossref_no_abstract_available	neuroinflammation biomarkers clinical microglial astrocyte activation potential markers evidence identified imaging neuroinflammatory
143	train	0text143.txt	crossref	3	Batten Disease: A Typical Neuronal Storage Disease or a Genetic Neurodegenerative Disorder Characterized by Excitotoxicity?	10.1007/978-1-4899-0209-2_28	1996	Neurodegenerative Diseases			unknown	crossref_no_abstract_available	"""Huntington's disease (HD) is a debilitating inherited neurodegenerative disorder characterized by motor, cognitive and psychiatric deficits"""
143	train	0text143.txt	crossref	4	Cognitive deficits in Parkinson's disease	10.1017/cbo9780511544279.005	2002	Psychiatric and Cognitive Disorders in Parkinson's Disease		https://www.cambridge.org/core/terms	unknown	crossref_no_abstract_available	"""Huntington's disease (HD) is a debilitating inherited neurodegenerative disorder characterized by motor, cognitive and psychiatric deficits"""
143	train	0text143.txt	crossref	5	Early deficits in motor coordination and cognitive dysfunction in a mouse model of the neurodegenerative lysosomal storage disorder, Sandhoff disease	10.1016/j.bbr.2008.06.016	2008	Behavioural Brain Research		https://www.elsevier.com/tdm/userlicense/1.0/	unknown	crossref_no_abstract_available	"""Huntington's disease (HD) is a debilitating inherited neurodegenerative disorder characterized by motor, cognitive and psychiatric deficits"""
160	train	0text160.txt	crossref	1	186 Investigating genetic anticipation in huntington’s disease by studying sperm HTT-CAG variability in HTT expansion-carriers	10.1136/jnnp-2025-abn.186	2025	186 Investigating genetic anticipation in huntington’s disease by studying sperm HTT-CAG variability in HTT expansion-carriers			unknown	crossref_no_abstract_available	"""Huntington's disease (HD) is a fatal neurodegenerative disorder caused by an abnormal CAG repeat expansion in the HTT gene, that produces a mutant protein thought to directly cause brain cell damage. Premanifest carriers of the CAG expansio"""
160	train	0text160.txt	crossref	2	A pathophysiology of attention deficit/hyperactivity disorder: clues from neuroimaging	10.1017/cbo9780511757402.011	2009	Neuroimaging in Developmental Clinical Neuroscience		https://www.cambridge.org/core/terms	unknown	crossref_no_abstract_available	clinical neuroimaging expansion premanifest pathophysiology potential biomarkers trials huntington fatal disorder caused
160	train	0text160.txt	crossref	3	A01 Somatic mosaicism of the HTT cag repeat in intermediate allele carriers with neurocognitive symptoms compatible with huntington disease	10.1136/jnnp-2022-ehdn.1	2022	A: Pathogenic mechanisms			unknown	crossref_no_abstract_available	"""Huntington's disease (HD) is a fatal neurodegenerative disorder caused by an abnormal CAG repeat expansion in the HTT gene, that produces a mutant protein thought to directly cause brain cell damage. Premanifest carriers of the CAG expansio"""
160	train	0text160.txt	crossref	4	Ancient origin of the CAG expansion causing Huntington disease in a Spanish population	10.1002/humu.20167	2005	Human Mutation		http://doi.wiley.com/10.1002/tdm_license_1.1	unknown	crossref_no_abstract_available	"""carriers of the CAG expansion represent an ideal population to track the pathophysiological events responsible for the onset"""
160	train	0text160.txt	crossref	5	CAG repeat expansion in Huntington disease determines age at onset in a fully dominant fashion	10.1212/wnl.0b013e3182697986	2012	Neurology			unknown	crossref_no_abstract_available	"""carriers of the CAG expansion represent an ideal population to track the pathophysiological events responsible for the onset"""
229	test	0text229.txt	crossref	1	ALS Clinical Motor Signs and Symptoms	10.1201/b14133-9	2005	Amyotrophic Lateral Sclerosis			unknown	crossref_no_abstract_available	"""Neurodegenerative diseases (NDDs) such as amyotrophic lateral sclerosis (ALS), Huntington's disease (HD), and Parkinson's disease (PD) can manifest themselves anatomically by degeneration in the brain as well as motor symptoms. The motor sy"""
229	test	0text229.txt	crossref	2	Aggregation of neurodegenerative disease in ALS kindreds	10.1080/17482960802209664	2009	Amyotrophic Lateral Sclerosis			unknown	crossref_no_abstract_available	"""Neurodegenerative diseases (NDDs) such as amyotrophic lateral sclerosis (ALS), Huntington's disease (HD), and Parkinson's disease (PD) can manifest"""
229	test	0text229.txt	crossref	3	Amyotrophic Lateral Sclerosis (ALS, Lou Gehrig disease)	10.1007/springerreference_91134		SpringerReference			unknown	crossref_no_abstract_available	"""Neurodegenerative diseases (NDDs) such as amyotrophic lateral sclerosis (ALS), Huntington's disease (HD), and Parkinson's disease (PD) can manifest"""
229	test	0text229.txt	crossref	4	Amyotrophic lateral sclerosis and Huntington’s disease: Neurodegenerative link or coincidence?	10.3109/21678421.2013.817586	2014	Amyotrophic Lateral Sclerosis and Frontotemporal Degeneration			unknown	crossref_no_abstract_available	"""Neurodegenerative diseases (NDDs) such as amyotrophic lateral sclerosis (ALS), Huntington's disease (HD), and Parkinson's disease (PD) can manifest themselves anatomically by degeneration in the brain as well as motor symptoms"""
229	test	0text229.txt	crossref	5	Analysis of non-motor symptoms in amyotrophic lateral sclerosis	10.1080/21678421.2023.2280618	2024	Amyotrophic Lateral Sclerosis and Frontotemporal Degeneration		http://creativecommons.org/licenses/by/4.0/	unknown	crossref_no_abstract_available	ndds motor symptoms walking gait severity convolutional amyotrophic lateral sclerosis huntington parkinson
275	test	0text275.txt	crossref	1	Aggregation of neurodegenerative disease in ALS kindreds	10.1080/17482960802209664	2009	Amyotrophic Lateral Sclerosis			unknown	crossref_no_abstract_available	"""Classification of neurodegenerative diseases (NDD) like Parkinson's disease (PD), Amyotrophic Lateral Sclerosis (ALS), and Huntington's disease (HD) is of high clinical importance"""
275	test	0text275.txt	crossref	2	Amyotrophic Lateral Sclerosis (ALS, Lou Gehrig disease)	10.1007/springerreference_91134		SpringerReference			unknown	crossref_no_abstract_available	"""Classification of neurodegenerative diseases (NDD) like Parkinson's disease (PD), Amyotrophic Lateral Sclerosis (ALS), and Huntington's disease (HD) is of high clinical importance"""
275	test	0text275.txt	crossref	3	Autocorrelation and cross-correlation flow analysis along the confluence of the Kupa and Sava Rivers	10.17794/rgn.2021.5.7	2021	Rudarsko-geološko-naftni zbornik			unknown	crossref_no_abstract_available	"""driven features approach along with autocorrelation and cross correlation between gait time series to create different feature set"""
275	test	0text275.txt	openalex	4	Classification Based on Decision Tree Algorithm for Machine Learning	10.38094/jastt20165	2021	Journal of Applied Science and Technology Trends	diamond	cc-by-nc-sa	no	candidate_abstract_no_text_support	control classification features based data driven approach gait analysis cross correlation rule
275	test	0text275.txt	crossref	5	Classification of Ventricular Arrhythmias Based on a Data Driven Approach	10.32920/ryerson.14657901.v1				http://rightsstatements.org/vocab/InC/1.0/	unknown	crossref_no_abstract_available	control classification features based data driven approach gait analysis cross correlation rule
556	train	0text556.txt	crossref	1	ANALYSIS OF ATP-DEPENDENT CHAPERONE PROTEIN INTERACTIONS WITH MISFOLDED PROTEINS, AMYLOIDS, AND AGGREGATED PROTEINS	10.23860/diss-may-shannon-2018					unknown	crossref_no_abstract_available	"""and even cure these illnesses' severe symptoms. Because they were misfolded during creation or maintenance, rogue proteins may"""
556	train	0text556.txt	crossref	2	Alzheimer??s disease may begin in the nose and may be caused by aluminosilicates	10.1097/00002093-198701030-00039	1987	Alzheimer Disease &amp; Associated Disorders			unknown	crossref_no_abstract_available	"""Proteins that misfold may accumulate and cause disorders like Alzheimer's and Parkinson's"""
556	train	0text556.txt	crossref	3	Bacterial nanoparticles can deliver proteins, medications, enzymes, and genes to diagnose and cure numerous illnesses	10.31219/osf.io/7gyna				https://creativecommons.org/licenses/by/4.0/legalcode	unknown	crossref_no_abstract_available	"""and even cure these illnesses' severe symptoms. Because they were misfolded during creation or maintenance, rogue proteins may"""
556	train	0text556.txt	crossref	4	Cyclic Amplification of Protein Misfolding and Aggregation	10.1385/1-59259-874-9:053		Amyloid Proteins			unknown	crossref_no_abstract_available	protein aggregation proteins alzheimer parkinson illnesses biological causes misfolding misfold accumulate cause
556	train	0text556.txt	crossref	5	Dominating and educative relationships - the cause of Alzheimer, dementia and Parkinson disease	10.31124/advance.176009287.79746536/v1				https://creativecommons.org/licenses/by/4.0/	unknown	crossref_no_abstract_available	"""Proteins that misfold may accumulate and cause disorders like Alzheimer's and Parkinson's"""
1002	train	0text1002.txt	crossref	1		10.35802/226829					unknown	crossref_no_abstract_available	"""Gabrielli et al. show that microglial extracellular vesicles carrying amyloid-beta (A beta-EVs) move along axons and propagate synaptic dysfunction in the mouse brain in vitro"""
1002	train	0text1002.txt	crossref	2		10.55776/p22306					unknown	crossref_no_abstract_available	beta extracellular vesicles synaptic long term potentiation dysfunction large entorhinal show vitro
1002	train	0text1002.txt	crossref	3	Anyone’s Guess How We Got Here	10.5040/9781350366817.00000003	2017	Anyone’s Guess How We Got Here			unknown	crossref_no_abstract_available	"""However, how it starts and propagates is unknown. Here we show that amyloid-beta released by microglia in association"""
1002	train	0text1002.txt	crossref	4	Brain endothelium-derived extracellular vesicles containing amyloid-beta induce mitochondrial alterations in neural progenitor cells	10.20517/evcna.2022.22	2022	Extracellular Vesicles and Circulating Nucleic Acids			unknown	crossref_no_abstract_available	"""Gabrielli et al. show that microglial extracellular vesicles carrying amyloid-beta (A beta-EVs) move along axons and propagate synaptic dysfunction in the mouse brain in vitro"""
1002	train	0text1002.txt	crossref	5	Chronic synaptic insulin resistance after traumatic brain injury abolishes insulin protection from amyloid beta and tau oligomer-induced synaptic dysfunction	10.1038/s41598-019-44635-z	2019	Scientific Reports		https://creativecommons.org/licenses/by/4.0|https://creativecommons.org/licenses/by/4.0	unknown	crossref_no_abstract_available	"""Gabrielli et al. show that microglial extracellular vesicles carrying amyloid-beta (A beta-EVs) move along axons and propagate synaptic dysfunction in the mouse brain in vitro"""
1017	train	0text1017.txt	crossref	1	Aging, Preclinical Alzheimer Disease, and Early Detection	10.1097/00002093-200304002-00009	2003	Alzheimer Disease &amp; Associated Disorders			unknown	crossref_no_abstract_available	"""Background The protracted preclinical stage of Alzheimer's disease (AD) provides the opportunity for early intervention to prevent the disease; however, the lack of minimally invasive and easily detectable biomarkers and their measurement t"""
1017	train	0text1017.txt	crossref	2	An Analysis of Mesenchymal Stem Cell-Derived Extracellular Vesicles for Preclinical Use	10.1021/acsnano.0c01363.s001					unknown	crossref_no_abstract_available	idica mice cells invasive preclinical however vesicles cell ganglioside specific cleavage assay
1017	train	0text1017.txt	crossref	3	Assay for Antigen-Specific T-Cell Proliferation in Mice	10.1016/b978-0-12-442750-1.50027-9	1979	Immunological Methods		https://www.elsevier.com/tdm/userlicense/1.0/	unknown	crossref_no_abstract_available	idica mice cells invasive preclinical however vesicles cell ganglioside specific cleavage assay
1017	train	0text1017.txt	crossref	4	Detecting RNA/DNA Hybridization Using Double-Labeled Donor Probes With Enhanced Fluorescence Resonance Energy Transfer Signals	10.1385/1-59745-069-3:43		Fluorescent Energy Transfer Nucleic Acid Probes			unknown	crossref_no_abstract_available	"""with a DNA oligonucleotide-labeled Ass antibody. Fluorescence signals for individual EVs were then counted using an invasive cleavage"""
1017	train	0text1017.txt	crossref	5	Early Intervention Is Key to Successful Management of Alzheimer Disease	10.1097/00002093-200307004-00004	2003	Alzheimer Disease &amp; Associated Disorders			unknown	crossref_no_abstract_available	"""Background The protracted preclinical stage of Alzheimer's disease (AD) provides the opportunity for early intervention to prevent the disease; however, the lack of minimally invasive and easily detectable biomarkers and their measurement t"""
1028	train	0text1028.txt	crossref	1	Beta estrogen receptor knockout (BERKO) mice present attenuated hippocampal CA1 long-term potentiation and related memory deficits in contextual fear conditioning	10.1016/j.bbr.2005.05.011	2005	Behavioural Brain Research		https://www.elsevier.com/tdm/userlicense/1.0/	unknown	crossref_no_abstract_available	"""Multiple forms of A beta were dramatically attenuated in KIBRA knockout mouse brain, including monomers, oligomers, and extracellular"""
1028	train	0text1028.txt	crossref	2	EVs from primary neurons: Characterization of extracellular vesicles derived from mouse primary neurons	10.47184/tev.2023.01.03	2023	Trillium Extracellular Vesicles			unknown	crossref_no_abstract_available	"""Background Previous research has revealed that KIBRA controls secretion of extracellular vesicles (EVs) by inhibiting the proteasomal degradation"""
1028	train	0text1028.txt	crossref	3	EVs in the retina: Shining light on extracellular vesicles	10.47184/tev.2023.01.05	2023	Trillium Extracellular Vesicles			unknown	crossref_no_abstract_available	"""Background Previous research has revealed that KIBRA controls secretion of extracellular vesicles (EVs) by inhibiting the proteasomal degradation of Rab27a and EVs play an important role in amyloid beta (A beta) metabolism and transmission"""
1028	train	0text1028.txt	openalex	4	Engineering exosomes for targeted neurodegenerative therapy: innovations in biogenesis, drug loading, and clinical translation	10.7150/thno.117143	2025	Theranostics	gold	cc-by	no	candidate_abstract_no_text_support	beta kibra secretion mvbs metabolism knockout associated background extracellular degradation regulates lysosomal
1028	train	0text1028.txt	crossref	5	Faculty Opinions recommendation of Alcohol-and-HIV-Induced Lysosomal Dysfunction Regulates Extracellular Vesicles Secretion in Vitro and in Liver-Humanized Mice.	10.3410/f.739436584.793590590	2021	Faculty Opinions – Post-Publication Peer Review of the Biomedical Literature			unknown	crossref_no_abstract_available	beta kibra secretion mvbs metabolism knockout associated background extracellular degradation regulates lysosomal
1031	val	0text1031.txt	crossref	1	"<i>APOE</i>
                  genotype or presence of brain amyloid alters the plasma proteome in cognitively normal, elderly subjects"	10.1101/2022.12.28.522119					unknown	crossref_no_abstract_available	apoe epsilon pevs levels neurotrophic cind role pathway inflammatory proteins plasma cognitively
1031	val	0text1031.txt	crossref	2	Crosstalk between glia, extracellular matrix and neurons	10.1016/j.brainresbull.2017.03.003	2018	Brain Research Bulletin		https://www.elsevier.com/tdm/userlicense/1.0/|https://www.elsevier.com/legal/tdmrep-license	unknown	crossref_no_abstract_available	"""Introduction: In brain, extracellular vesicles (EVs) play an essential role in the neuron-glia interface and ensure the crosstalk between the brain and the periphery"""
1031	val	0text1031.txt	crossref	3	Developing a Functionally Valid Model of the TREM2-ApoE Complex to Better Understand Its Role in Alzheimer's Disease	10.1016/j.bpj.2020.11.1410	2021	Biophysical Journal		https://www.elsevier.com/tdm/userlicense/1.0/|https://www.elsevier.com/legal/tdmrep-license|http://www.elsevier.com/open-access/userlicense/1.0/	unknown	crossref_no_abstract_available	"""(APOE epsilon 4) and the risk of progression to Alzheimer's disease (AD). To better understand the role of"""
1031	val	0text1031.txt	crossref	4	Do the extracellular vesicles excreted during neuronal cell death play a neuron‐glia signalling role in neurodegeneration.	10.1002/alz.067065	2022	Alzheimer's &amp; Dementia		http://onlinelibrary.wiley.com/termsAndConditions#vor	unknown	crossref_no_abstract_available	"""Introduction: In brain, extracellular vesicles (EVs) play an essential role in the neuron-glia interface and ensure the crosstalk between the brain and the periphery"""
1031	val	0text1031.txt	crossref	5	Exploring the Role of Brain Extracellular Matrix in Chronic Pain: Neuron-Glia Crosstalk	10.1016/j.jpain.2025.104922	2025	The Journal of Pain		https://www.elsevier.com/tdm/userlicense/1.0/|https://www.elsevier.com/legal/tdmrep-license|http://www.elsevier.com/open-access/userlicense/1.0/	unknown	crossref_no_abstract_available	"""Introduction: In brain, extracellular vesicles (EVs) play an essential role in the neuron-glia interface and ensure the crosstalk between the brain and the periphery"""
1040	train	0text1040.txt	crossref	1	Aging attenuates dynactin–dynein interaction: Down‐regulation of dynein causes accumulation of endogenous tau and amyloid precursor protein in human neuroblastoma cells	10.1002/jnr.21408	2007	Journal of Neuroscience Research		http://onlinelibrary.wiley.com/termsAndConditions#vor	unknown	crossref_no_abstract_available	"""A beta metabolism in the brain is mediated by endocytosis, one part of the intracellular membrane trafficking system. We previously showed that aging attenuates the interaction of dynein with dynactin, which disrupts the endosomal/lysosomal"""
1040	train	0text1040.txt	crossref	2	Alzheimer?s disease: intraneuronal alterations precede insoluble amyloid-$beta; formation	10.1016/s0197-4580(04)00083-1	2004	Neurobiology of Aging		http://www.elsevier.com/tdm/userlicense/1.0/	unknown	crossref_no_abstract_available	"""studies have shown that in Alzheimer's disease (AD), intraneuronal accumulation of A beta precedes extracellular A beta depositions"""
1040	train	0text1040.txt	openalex	3	Autophagy in major human diseases	10.15252/embj.2021108863	2021	The EMBO Journal	hybrid	cc-by|cc-by-sa|other-oa	no	candidate_abstract_no_text_support	beta intracellular extracellular accumulation levels formation secretion metabolism membrane trafficking dynein involved
1040	train	0text1040.txt	crossref	4	Correction to “Transfer of inflammatory mitochondria via extracellular vesicles from M1 macrophages induces ferroptosis of pancreatic beta cells in acute pancreatitis”	10.1002/jev2.12441	2024	Journal of Extracellular Vesicles		http://creativecommons.org/licenses/by/4.0/	unknown	crossref_no_abstract_available	"""intracellular A beta and decreased extracellular release of A beta, accompanied by the prominent reduction of extracellular vesicle"""
1040	train	0text1040.txt	crossref	5	Decision letter: Dynein-mediated transport and membrane trafficking control PAR3 polarised distribution	10.7554/elife.40212.056	2018			http://creativecommons.org/licenses/by/4.0/	unknown	crossref_no_abstract_available	beta intracellular extracellular accumulation levels formation secretion metabolism membrane trafficking dynein involved
1110	train	0text1110.txt	crossref	1		10.55776/i1570					unknown	crossref_no_abstract_available	pathways insulin mtor intellectual disability aging early population nevs isolated children likely
1110	train	0text1110.txt	openalex	2	Aberrant crosstalk between insulin signaling and mTOR in young Down syndrome individuals revealed by neuronal‐derived extracellular vesicles	10.1002/alz.12499	2021	Alzheimer s & Dementia	hybrid	cc-by|cc-by-nc|other-oa	no	candidate_abstract_no_text_support	"""Introduction Intellectual disability, accelerated aging, and early-onset Alzheimer-like neurodegeneration are key brain pathological features of Down syndrome (DS)"""
1110	train	0text1110.txt	openalex	3	Abstracts from the International Meeting on dementia therapeutics and cognitive rehabilitation	10.36118/pharmadvances.2022.46	2023		gold		no	candidate_abstract_no_text_support	pathways insulin mtor intellectual disability aging early population nevs isolated children likely
1110	train	0text1110.txt	crossref	4	Activated human astrocyte‐derived extracellular vesicles modulate neuronal uptake, differentiation and firing	10.1080/20013078.2019.1706801	2020	Journal of Extracellular Vesicles		http://creativecommons.org/licenses/by-nc/4.0/|http://creativecommons.org/licenses/by-nc/4.0/	unknown	crossref_no_abstract_available	"""trajectory of DS population, data on infants and adolescents with DS are missing. Methods Neuronal-derived extracellular vesicles (nEVs)"""
1110	train	0text1110.txt	crossref	5	Advancements in early intervention programs for children with intellectual disabilities	10.22271/27103889.2026.v7.i1a.81	2026	International Journal of Intellectual Disability			unknown	crossref_no_abstract_available	pathways insulin mtor intellectual disability aging early population nevs isolated children likely
1138	train	0text1138.txt	crossref	1		10.7287/peerj.preprints.2944v1/supp-6		"Supplemental Information 6: Values of male PCM1 for the different genotypes of the SNP c3917_est:386A&gt;C in the
                    <i>Serine proteinase-like protein</i>
                    gene"			unknown	crossref_no_abstract_available	epsilon apoe genotypes small differences risk different bdevs tissue protein observed gene
1138	train	0text1138.txt	crossref	2	Apolipoprotein C3 gene variants and the risk of coronary heart disease: A meta-analysis	10.1016/j.mgene.2016.04.004	2016	Meta Gene		https://www.elsevier.com/tdm/userlicense/1.0/|http://creativecommons.org/licenses/by-nc-nd/4.0/	unknown	crossref_no_abstract_available	"""Background and Objectives Variants of the apolipoprotein E (APOE) gene are the greatest known risk factors for sporadic"""
1138	train	0text1138.txt	crossref	3	Apolipoprotein E4: From synaptic remodeling to genetic risk factor in both familial and sporadic Alzheimer’s disease	10.1007/978-3-540-37652-1_37	2006	Alzheimer: 100 Years and Beyond		http://www.springer.com/tdm	unknown	crossref_no_abstract_available	"""Background and Objectives Variants of the apolipoprotein E (APOE) gene are the greatest known risk factors for sporadic Alzheimer disease (AD)"""
1138	train	0text1138.txt	crossref	4	Apolipoprotein-ε4 (APOE) Gene Is a Risk Factor for Human Coronary Artery Disease	10.1007/978-3-031-52641-1_61-1	2025	Apolipoprotein E		https://www.springernature.com/gp/researchers/text-and-data-mining|https://www.springernature.com/gp/researchers/text-and-data-mining	unknown	crossref_no_abstract_available	"""Background and Objectives Variants of the apolipoprotein E (APOE) gene are the greatest known risk factors for sporadic Alzheimer disease (AD)"""
1138	train	0text1138.txt	crossref	5	Characterization of the sheep apolipoprotein E (ApoE) gene and allelic variations of the ApoE gene in scrapie Suffolk sheep	10.1016/s0378-1119(97)00662-8	1998	Gene		https://www.elsevier.com/tdm/userlicense/1.0/|https://www.elsevier.com/legal/tdmrep-license	unknown	crossref_no_abstract_available	"""Background and Objectives Variants of the apolipoprotein E (APOE) gene are the greatest known risk factors for sporadic"""
1151	train	0text1151.txt	crossref	1	Abnormal microvasculature in Alzheimer brains induces metabolic and functional pathology	10.1016/s0006-3223(97)87242-3	1997	Biological Psychiatry		https://www.elsevier.com/tdm/userlicense/1.0/	unknown	crossref_no_abstract_available	ketone cognitive metabolic monoester humans effects clinical alzheimer induces robust ketosis pathology
1151	train	0text1151.txt	openalex	2	Are ketogenic diets promising for Alzheimer’s disease? A translational review	10.1186/s13195-020-00615-4	2020	Alzheimer s Research & Therapy	gold	cc-by|cc-by-sa	no	candidate_abstract_no_text_support	ketone cognitive metabolic monoester humans effects clinical alzheimer induces robust ketosis pathology
1151	train	0text1151.txt	crossref	3	Brain Energy Problem	10.1007/978-3-031-54150-6_2	2024	Hybrid-Powered Brain		https://www.springernature.com/gp/researchers/text-and-data-mining|https://www.springernature.com/gp/researchers/text-and-data-mining	unknown	crossref_no_abstract_available	"""Background Ketone bodies have been proposed as an energy rescue for the Alzheimer's disease (AD) brain, which underutilizes glucose"""
1151	train	0text1151.txt	openalex	4	Dietary Neuroketotherapeutics for Alzheimer’s Disease: An Evidence Update and the Potential Role for Diet Quality	10.3390/nu11081910	2019	Nutrients	gold	cc-by|cc-by-sa	no	candidate_abstract_no_text_support	ketone cognitive metabolic monoester humans effects clinical alzheimer induces robust ketosis pathology
1151	train	0text1151.txt	crossref	5	Exogenous Ketone Salts Do Not Improve Cognitive Performance During a Dual-Stress Challenge	10.1123/ijsnem.2019-0122	2020	International Journal of Sport Nutrition and Exercise Metabolism			unknown	crossref_no_abstract_available	"""enhance brain ketone metabolism, improve cognitive performance and engage AD pathogenic cascades is scarce. Objectives To investigate the"""
1242	train	0text1242.txt	crossref	1	A Study Designed to Investigate the Effects of Motivational Orientations and Environmental Conditions Upon Bargaining Behavior	10.58809/emvj9667					unknown	crossref_no_abstract_available	"""understood. Therefore, the present study was designed to investigate whether IL-1 beta modifies the proliferation and differentiation of"""
1242	train	0text1242.txt	crossref	2	Demyelinating Diseases 1: Multiple Sclerosis (DRAFT)	10.1093/med/9780190650261.003.0013	2018	Oxford Medicine Online			unknown	crossref_no_abstract_available	"""The inflammatory cytokine interleukin (IL)-1 beta has been implicated in demyelinating diseases, such as multiple sclerosis and experimental"""
1242	train	0text1242.txt	openalex	3	Differential Modulation of the Oligodendrocyte Transcriptome by Sonic Hedgehog and Bone Morphogenetic Protein 4 via Opposing Effects on Histone Acetylation	10.1523/jneurosci.4876-11.2012	2012	Journal of Neuroscience	bronze		no	candidate_abstract_no_text_support	beta gli1 catenin proliferation differentiation expression cells opcs axis attenuated multiple sclerosis
1242	train	0text1242.txt	crossref	4	"Differentiation-dependent effects of IL-1 and TGF-
                    <i>beta</i>
                    on human articular chondrocyte proliferation are related to inducible nitric oxide synthase expression."	10.4049/jimmunol.154.8.4018	1995	The Journal of Immunology		https://academic.oup.com/pages/standard-publication-reuse-rights	unknown	crossref_no_abstract_available	"""understood. Therefore, the present study was designed to investigate whether IL-1 beta modifies the proliferation and differentiation of"""
1242	train	0text1242.txt	crossref	5	Exercise 2: To see whether you have understood the accounts system	10.1787/611431661478					unknown	crossref_no_abstract_available	"""understood. Therefore, the present study was designed to investigate whether IL-1 beta modifies the proliferation and differentiation of"""
1306	train	0text1306.txt	crossref	1	AI-30 Gender differences in plasma levels of ANA, ANTI-CD4, and ANTI-DSDNA antibodies in healthy donors pre and post flu vaccination	10.1136/lupus-2016-000179.30	2016	Adaptive Immunity			unknown	crossref_no_abstract_available	pad2 anti expression people ptld study antibodies levels padi2 healthy there post
1306	train	0text1306.txt	crossref	2	Figure 2: Loot Box spending split by PGSI group and whether or not participants were Self-Isolated or Quarantined.	10.7717/peerj.10705/fig-2					unknown	crossref_no_abstract_available	"""whether anti-PAD2 antibodies were present in patients with various neurologic diseases. MethodsA total of 491 study participants were"""
1306	train	0text1306.txt	crossref	3	Figure 3—figure supplement 2. CAP-HA expression in the ∆CAPCAP line.	10.7554/elife.50598.008					unknown	crossref_no_abstract_available	pad2 anti expression people ptld study antibodies levels padi2 healthy there post
1306	train	0text1306.txt	crossref	4	Figure 3—figure supplement 2. DDK promotes the MCM–NIPBL–cohesin interaction in early S phase.	10.7554/elife.33920.009					unknown	crossref_no_abstract_available	"""whether anti-PAD2 antibodies were present in patients with various neurologic diseases. MethodsA total of 491 study participants were"""
1306	train	0text1306.txt	crossref	5	Figure 5. COX16 facilitates integration of COX2 into MITRAC-COX1 modules.	10.7554/elife.32572.006					unknown	crossref_no_abstract_available	"""whether anti-PAD2 antibodies were present in patients with various neurologic diseases. MethodsA total of 491 study participants were"""
1384	train	0text1384.txt	crossref	1	Amyloid Precursor Protein (APP) E693Q Transgenic Mice (APPDutch Mice)	10.1126/sageke.2004.43.tg5	2004	Science of Aging Knowledge Environment			unknown	crossref_no_abstract_available	"""histological, electrophysiological, and behavioral characterization of transgenic mice expressing a pathological form of humanamyloid precursor protein(APP), containing three"""
1384	train	0text1384.txt	crossref	2	Amyloid Precursor Protein (APP) Transgenic Mice (Tg2576 Mice)	10.1126/sageke.2004.5.tg1	2004	Science of Aging Knowledge Environment			unknown	crossref_no_abstract_available	"""histological, electrophysiological, and behavioral characterization of transgenic mice expressing a pathological form of humanamyloid precursor protein(APP), containing three"""
1384	train	0text1384.txt	openalex	3	Astrocytes: biology and pathology	10.1007/s00401-009-0619-8	2009	Acta Neuropathologica	hybrid	cc-by-nc	no	candidate_abstract_no_text_support	mice transgenic amyloid associated oligodendrocytes however response hippocampal normal alzheimer survival oligodendrocyte
1384	train	0text1384.txt	crossref	4	Benzo[d]imidazole-pyrrolo[1,2a]pyrazine Hybrids Ameliorate Amyloid Aggregates in the Brain of Alzheimer Transgenic Mice	10.1021/acschemneuro.2c00547.s001					unknown	crossref_no_abstract_available	mice transgenic amyloid associated oligodendrocytes however response hippocampal normal alzheimer survival oligodendrocyte
1384	train	0text1384.txt	openalex	5	Blood-Brain Barrier: From Physiology to Disease and Back	10.1152/physrev.00050.2017	2018	Physiological Reviews	bronze		no	candidate_abstract_no_text_support	mice transgenic amyloid associated oligodendrocytes however response hippocampal normal alzheimer survival oligodendrocyte
1413	train	0text1413.txt	crossref	1	A Clinico Imaging Correlation between Central Corneal Thickness with Cup Disc Ratio, Retinal Nerve Fibre Layer Thickness in Glaucoma	10.21088/oas.2454.7816.6220.1	2020	Ophthalmology and Allied Sciences			unknown	crossref_no_abstract_available	corneal loss cnfd cnbd axonal rrms spms nerve rnfl neurological retinal fibre
1413	train	0text1413.txt	crossref	2	Axonal Loss in Multiple Sclerosis	10.1007/978-88-470-2109-9_3	2001	Magnetic Resonance Spectroscopy in Multiple Sclerosis			unknown	crossref_no_abstract_available	"""Background:Resourceful endpoints of axonal loss are needed to predict the course of multiple sclerosis (MS)"""
1413	train	0text1413.txt	crossref	3	Axonal loss in multiple sclerosis	10.1016/b978-0-444-52001-2.00005-4	2014	Handbook of Clinical Neurology		https://www.elsevier.com/tdm/userlicense/1.0/|https://www.elsevier.com/legal/tdmrep-license	unknown	crossref_no_abstract_available	"""Background:Resourceful endpoints of axonal loss are needed to predict the course of multiple sclerosis (MS)"""
1413	train	0text1413.txt	crossref	4	CORRELATION BETWEEN CENTRAL CORNEAL THICKNESS (CCT) AND RETINAL NERVE FIBER LAYER THICKNESS (RNFL) IN PRIMARY OPEN ANGLE GLAUCOMA	10.53555/m9912k34	2024	Journal of Population Therapeutics &amp; Clinical Pharmacology			unknown	crossref_no_abstract_available	corneal loss cnfd cnbd axonal rrms spms nerve rnfl neurological retinal fibre
1413	train	0text1413.txt	crossref	5	Corneal Confocal Microscopy as a Tool for Detecting Axonal Degeneration in Multiple Sclerosis and Correlation with Severity: A Meta-analysis (P7-1.010)	10.1212/wnl.0000000000208387	2025	Neurology			unknown	crossref_no_abstract_available	"""Background:Resourceful endpoints of axonal loss are needed to predict the course of multiple sclerosis (MS). Corneal confocal microscopy"""
1417	train	0text1417.txt	openalex	1	2015 ESC Guidelines for the management of infective endocarditis	10.1093/eurheartj/ehv319	2015	European Heart Journal	bronze	other-oa	no	candidate_abstract_no_text_support	inflammatory active lesions lymphocyte ratio parameters period values group magnetic resonance imaging
1417	train	0text1417.txt	openalex	2	Cholangiocarcinoma 2020: the next horizon in mechanisms and management	10.1038/s41575-020-0310-z	2020	Nature Reviews Gastroenterology & Hepatology	hybrid	cc-by|other-oa	no	candidate_abstract_no_text_support	inflammatory active lesions lymphocyte ratio parameters period values group magnetic resonance imaging
1417	train	0text1417.txt	crossref	3	Correctional education and the delinquent girl: A follow-up study of one hundred and ten Sleighton farm girls.	10.1037/13531-000	1928				unknown	crossref_no_abstract_available	"""follow-up and to reveal the period in which disease-modifying treatments are effective with serum parameters. Methods One hundred"""
1417	train	0text1417.txt	crossref	4	Correlation of Multiple Sclerosis (MS) staging and Magnetic Resonance Imaging (MRI); Detecting MS in early stages	10.1016/0730-725x(85)90277-2	1985	Magnetic Resonance Imaging		https://www.elsevier.com/tdm/userlicense/1.0/	unknown	crossref_no_abstract_available	"""Background Multiple sclerosis (MS) has two pathophysiological processes, one inflammatory and the other degenerative. We investigated the relationship between active lesions on magnetic resonance imaging showing the inflammatory phase in MS"""
1417	train	0text1417.txt	crossref	5	Dependence of Magnetic Resonance Elastography‐Derived Stiffness Values on Selected Imaging Parameters	10.1002/mrm.70391	2026	Magnetic Resonance in Medicine		http://onlinelibrary.wiley.com/termsAndConditions#vor|http://doi.wiley.com/10.1002/tdm_license_1.1	unknown	crossref_no_abstract_available	inflammatory active lesions lymphocyte ratio parameters period values group magnetic resonance imaging
1431	train	0text1431.txt	openalex	1	Abstracts of the 28th Annual Meeting of the Huntington Study Group, November 4-6, 2021	10.3233/jhd219003	2021	Journal of Huntington s Disease	bronze		no	candidate_abstract_no_text_support	plasma johd onset mutation huntington clinical diagnosis samples kids children premanifest carriers
1431	train	0text1431.txt	openalex	2	Childhood to Adult Neurodevelopment in Gene-Expanded Huntington’s Disease (ChANGE-HD) study protocol: A Prospective Longitudinal Neurodevelopmental Study of Huntington’s Disease	10.1101/2025.10.22.25338583	2025	medRxiv	green	cc-by	no	candidate_abstract_no_text_support	plasma johd onset mutation huntington clinical diagnosis samples kids children premanifest carriers
1431	train	0text1431.txt	crossref	3	Childhood-onset (Juvenile) Huntington′s disease: A rare case report	10.4103/1817-1745.165709	2015	Journal of Pediatric Neurosciences			unknown	crossref_no_abstract_available	"""Background Juvenile-onset Huntington's disease (JOHD) is a rare and particularly devastating form of Huntington's disease (HD) for which"""
1431	train	0text1431.txt	crossref	4	"Decision letter for ""No optical coherence tomography changes in premanifest Huntington's disease mutation carriers far from disease onset"""	10.1002/brb3.2592/v2/decision1	2022				unknown	crossref_no_abstract_available	plasma johd onset mutation huntington clinical diagnosis samples kids children premanifest carriers
1431	train	0text1431.txt	crossref	5	"Decision letter for ""No optical coherence tomography changes in premanifest Huntington's disease mutation carriers far from disease onset"""	10.1002/brb3.2592/v1/decision1	2022				unknown	crossref_no_abstract_available	plasma johd onset mutation huntington clinical diagnosis samples kids children premanifest carriers
1437	train	0text1437.txt	crossref	1		10.3030/676144					unknown	crossref_no_abstract_available	"""Introduction Synaptic dysfunction and degeneration is one of the earliest events in Alzheimer's disease (AD) and the best correlate of cognitive decline"""
1437	train	0text1437.txt	crossref	2		10.55776/kli546					unknown	crossref_no_abstract_available	"""Introduction Synaptic dysfunction and degeneration is one of the earliest events in Alzheimer's disease (AD) and the best correlate of cognitive decline"""
1437	train	0text1437.txt	crossref	3	3D Printed Microfluidic Devices for Integrated Immunoaffinity Extraction, Solid-Phase Extraction, and Fluorescent Labeling of Preterm Birth Biomarkers	10.1021/prechem.4c00092.s002					unknown	crossref_no_abstract_available	"""biomarkers reflecting synaptic degeneration to be used as prognostic biomarkers are greatly needed. Method Solid-phase extraction and parallel"""
1437	train	0text1437.txt	crossref	4	3D Printed Microfluidic Devices for Integrated Immunoaffinity Extraction, Solid-Phase Extraction, and Fluorescent Labeling of Preterm Birth Biomarkers	10.1021/prechem.4c00092.s001					unknown	crossref_no_abstract_available	"""biomarkers reflecting synaptic degeneration to be used as prognostic biomarkers are greatly needed. Method Solid-phase extraction and parallel"""
1437	train	0text1437.txt	crossref	5	3D Printed Microfluidic Devices for Solid-Phase Extraction and On-Chip Fluorescent Labeling of Preterm Birth Risk Biomarkers	10.1021/acs.analchem.0c01970.s001					unknown	crossref_no_abstract_available	"""biomarkers reflecting synaptic degeneration to be used as prognostic biomarkers are greatly needed. Method Solid-phase extraction and parallel"""
1464	train	0text1464.txt	crossref	1	APOE ε4 Genotype and Longitudinal Changes in Cerebral Blood Flow in Normal Aging	10.1001/archneurol.2009.913	2010	Archives of Neurology			unknown	crossref_no_abstract_available	beta biomarker apoe epsilon greater increases longitudinal changes normal years participants progressed
1464	train	0text1464.txt	crossref	2	Advances in the Development of Biomarkers for Alzheimer�s Disease - From CSF Total Tau and Amyloid-&amp;beta;(1-42) Proteins to Phosphorylated Tau and Amyloid-&amp;beta;-Antibodies	10.1159/000078534	2004	Molecular Neurobiology of Alzheimer Disease and Related Disorders			unknown	crossref_no_abstract_available	"""from normal cognition to mild cognitive impairment (MCI). Amyloid beta (A beta)(42)/A beta(40), phosphorylated tau(181) (p-tau(181)), and total"""
1464	train	0text1464.txt	crossref	3	CSF-concentrations of tau-protein, phospho-tau-protein (181) and amyloid-beta (1–42) in patients with stable and non-stable MCI	10.1055/s-0029-1240143	2009	Pharmacopsychiatry			unknown	crossref_no_abstract_available	"""from normal cognition to mild cognitive impairment (MCI). Amyloid beta (A beta)(42)/A beta(40), phosphorylated tau(181) (p-tau(181)), and total"""
1464	train	0text1464.txt	crossref	4	"Cerebrospinal fluid biomarkers for diagnosis of Alzheimer's
disease: Beta-amyloid(1-42), tau, phospho-tau-181 and total protein"	10.1358/dot.2007.43.6.1067341	2007	Drugs of Today			unknown	crossref_no_abstract_available	"""from normal cognition to mild cognitive impairment (MCI). Amyloid beta (A beta)(42)/A beta(40), phosphorylated tau(181) (p-tau(181)), and total"""
1464	train	0text1464.txt	crossref	5	In-Depth Site-Specific OGlycosylation Analysis of Glycoproteins and Endogenous Peptides in Cerebrospinal Fluid (CSF) from Healthy Individuals, Mild Cognitive Impairment (MCI), and Alzheimers Disease (AD) Patients	10.1021/acschembio.1c00932.s001					unknown	crossref_no_abstract_available	"""Introduction We examined longitudinal cerebrospinal fluid (CSF) Alzheimer's disease (AD) biomarker changes among cognitively normal individuals with 10.7 years follow-up, on average"""
1467	train	0text1467.txt	openalex	1	A brief history of human disease genetics	10.1038/s41586-019-1879-7	2020	Nature	bronze	cc-by	no	no_candidate_abstract	rare variation whole exome gene novel role alzheimer contribution related biomarker traits
1467	train	0text1467.txt	crossref	2	Alzheimer's disease (AD) like pathology following developmental lead exposure in primates and the role of aging in AD-related genes regulation in rodents and primates	10.23860/diss-2236					unknown	crossref_no_abstract_available	"""Introduction Despite increasing evidence of a role of rare genetic variation in the risk of Alzheimer's disease (AD), limited attention has been paid to its contribution to AD-related biomarker traits indicative of AD-relevant pathophysiolo"""
1467	train	0text1467.txt	crossref	3	"Decision letter for ""The combination of whole‐exome sequencing and copy number variation sequencing enables the diagnosis of rare neurological disorders"""	10.1111/cge.13548/v3/decision1	2019				unknown	crossref_no_abstract_available	rare variation whole exome gene novel role alzheimer contribution related biomarker traits
1467	train	0text1467.txt	crossref	4	Effect of Genetic Variation in LRRTM3 on Risk of Alzheimer Disease	10.1001/archneurol.2011.2463	2012	Archives of Neurology			unknown	crossref_no_abstract_available	"""Introduction Despite increasing evidence of a role of rare genetic variation in the risk of Alzheimer's disease (AD)"""
1467	train	0text1467.txt	crossref	5	Effects of CX3CR1 and Fractalkine Chemokines in Amyloid Beta Clearance and p-Tau Accumulation in Alzheimer,s Disease (AD) Rodent Models: Is Fractalkine a Systemic Biomarker for AD?	10.2174/1567205013666151116125714	2016	Current Alzheimer Research			unknown	crossref_no_abstract_available	"""Introduction Despite increasing evidence of a role of rare genetic variation in the risk of Alzheimer's disease (AD), limited attention has been paid to its contribution to AD-related biomarker traits indicative of AD-relevant pathophysiolo"""
1472	train	0text1472.txt	crossref	1		10.7287/peerj.preprints.27309v1/supp-3		Supplemental Information 3: FASTA sequences for the 48 isolated microsatellite repeats included in the manuscript, from which a subset were used in this study			unknown	crossref_no_abstract_available	"""were assessed. Methods Twenty seven MS patients were included in this prospective study. IR-UTE, FLAIR, and MPRAGE sequences"""
1472	train	0text1472.txt	crossref	2		10.7287/peerj.preprints.27309/supp-3		Supplemental Information 3: FASTA sequences for the 48 isolated microsatellite repeats included in the manuscript, from which a subset were used in this study			unknown	crossref_no_abstract_available	"""were assessed. Methods Twenty seven MS patients were included in this prospective study. IR-UTE, FLAIR, and MPRAGE sequences"""
1472	train	0text1472.txt	crossref	3	Accelerometer-assessed light-intensity physical activity and mortality among those with mobility limitations	10.1016/j.dhjo.2017.08.007	2018	Disability and Health Journal		https://www.elsevier.com/tdm/userlicense/1.0/	unknown	crossref_no_abstract_available	lesions coeff disability mprage correlations biomarkers sivs assessed edss signal intensity variations
1472	train	0text1472.txt	crossref	4	Correlation Between Disability Measure and Black Hole (T1 Hypointense Lesion) Lesion Load in Brain Magnetic Resonance Imaging (MRI) of Patients With Multiple Sclerosis (MS): Protocol for a Systematic Review	10.21203/rs.3.rs-194103/v2				https://creativecommons.org/licenses/by/4.0/	unknown	crossref_no_abstract_available	"""Introduction Although many lesion-based MRI biomarkers in multiple sclerosis (MS) patients were investigated, none of the previous studies dealt with the signal intensity variations (SIVs) of MS lesions. In this study, the SIVs of MS lesion"""
1472	train	0text1472.txt	crossref	5	Correlation Between Disability Measure and Black Hole (T1 Hypointense Lesion) Lesion Load in Brain Magnetic Resonance Imaging (MRI) of Patients With Multiple Sclerosis (MS): Protocol for a Systematic Review	10.21203/rs.3.rs-194103/v1				https://creativecommons.org/licenses/by/4.0/	unknown	crossref_no_abstract_available	"""Introduction Although many lesion-based MRI biomarkers in multiple sclerosis (MS) patients were investigated, none of the previous studies dealt with the signal intensity variations (SIVs) of MS lesions. In this study, the SIVs of MS lesion"""
1500	val	0text1500.txt	crossref	1	2.029 COMPARISON OF PIB(−) LEWY BODY DEMENTIA, PIB(+) LEWY BODY DEMENTIA AND ALZHEIMER DISEASE: NEUROPSYCHIATRIC, [11C]PIB AND [18F]FDG PET FINDINGS	10.1016/s1353-8020(11)70462-x	2012	Parkinsonism &amp; Related Disorders		https://www.elsevier.com/tdm/userlicense/1.0/	unknown	crossref_no_abstract_available	"""Objective To determine whether the Alzheimer disease (AD) dementia conversion-related pattern (ADCRP) on [F-18]FDG PET can serve as a valid predictor for the development of AD dementia, the individual expression of the ADCRP (subject score)"""
1500	val	0text1500.txt	crossref	2	Comparing HMPAO-SPECT and FDG-PET in Alzheimer�s Disease	10.1159/000073168	2003	Advances in Biological Psychiatry			unknown	crossref_no_abstract_available	"""Objective To determine whether the Alzheimer disease (AD) dementia conversion-related pattern (ADCRP) on [F-18]FDG PET can serve as"""
1500	val	0text1500.txt	crossref	3	Defined Subject Activity Group	10.32388/hsbw2w	2020	Definitions			unknown	crossref_no_abstract_available	adcrp dementia score conversion subject defined biologically total group predictor development value
1500	val	0text1500.txt	crossref	4	Diagnosing Synucleinopathies: Will Parkinson’s Disease or Dementia with Lewy Bodies Become ‘Biologically’ Defined?	10.33590/emjneurol/fdro9946	2024	EMJ Neurology			unknown	crossref_no_abstract_available	adcrp dementia score conversion subject defined biologically total group predictor development value
1500	val	0text1500.txt	crossref	5	FDG PET and Differential Diagnosis of Dementia	10.1097/00002093-199505000-00004	1995	Alzheimer Disease &amp; Associated Disorders			unknown	crossref_no_abstract_available	"""Objective To determine whether the Alzheimer disease (AD) dementia conversion-related pattern (ADCRP) on [F-18]FDG PET can serve as"""
1561	train	0text1561.txt	crossref	1	Amyloid-&amp;beta; and Glucose Metabolism in Alzheimer's Disease	10.3233/978-1-60750-793-2-235	2011	Advances in Alzheimer’s Disease			unknown	crossref_no_abstract_available	"""Background: Aberrant amyloid-beta (A beta) deposition in the brain occurs two decades prior to the manifestation of Alzheimer's disease (AD) clinical symptoms and therefore brain A beta load measured using PET serves as a gold standard biom"""
1561	train	0text1561.txt	crossref	2	Bad Beta, Good Beta	10.2469/dig.v35.n3.1716	2005	CFA Digest			unknown	crossref_no_abstract_available	"""<1.35) and 63 assessed to have high brain A beta load (A beta+, SUVR >= 1.35). Results: Plasma"""
1561	train	0text1561.txt	openalex	3	Biomarkers for Alzheimer's disease: current status and prospects for the future	10.1111/joim.12816	2018	Journal of Internal Medicine	bronze		no	candidate_abstract_no_text_support	beta plasma deposition ratios load biomarker suvr participants group therefore measured standard
1561	train	0text1561.txt	crossref	4	Brain amyloid &amp;beta; protein and memory disruption in Alzheimer&amp;rsquo;s disease	10.2147/ndt.s7460	2010	Neuropsychiatric Disease and Treatment		http://creativecommons.org/licenses/by-nc/3.0/	unknown	crossref_no_abstract_available	"""Background: Aberrant amyloid-beta (A beta) deposition in the brain occurs two decades prior to the manifestation of Alzheimer's disease (AD) clinical symptoms and therefore brain A beta load measured using PET serves as a gold standard biom"""
1561	train	0text1561.txt	crossref	5	Correlation between beta-endorphin/beta-lipotropin-immunoreactivity and cortisol plasma concentrations	10.1016/0024-3205(84)90442-9	1984	Life Sciences		https://www.elsevier.com/tdm/userlicense/1.0/	unknown	crossref_no_abstract_available	"""<1.35) and 63 assessed to have high brain A beta load (A beta+, SUVR >= 1.35). Results: Plasma"""
1584	train	0text1584.txt	openalex	1	A phase III randomized trial of gantenerumab in prodromal Alzheimer’s disease	10.1186/s13195-017-0318-y	2017	Alzheimer s Research & Therapy	gold	cc-by|cc-by-sa|other-oa	no	candidate_abstract_no_text_support	beta amyloid plasma ratio difference effect positive negative median subjects peripheral cerebrospinal
1584	train	0text1584.txt	crossref	2	Amyloid Beta Levels in Plasma Predict Risk for Alzheimer Disease	10.1097/01.nt.0000339424.00688.23	2008	Neurology Today			unknown	crossref_no_abstract_available	"""Background A reduced amyloid-beta (A beta)42/40 peptide ratio in blood plasma represents a peripheral biomarker of the cerebral amyloid pathology observed in Alzheimer's disease brains. The magnitude of the measurable effect in plasma is sm"""
1584	train	0text1584.txt	crossref	3	Amyloid beta-peptide	10.1007/springerreference_37426		SpringerReference			unknown	crossref_no_abstract_available	"""Background A reduced amyloid-beta (A beta)42/40 peptide ratio in blood plasma represents a peripheral biomarker of the cerebral"""
1584	train	0text1584.txt	crossref	4	Amyloid � peptide 1?42 highly correlates with capillary cerebral amyloid angiopathy and Alzheimer disease pathology	10.1007/s00401-004-0822-6	2004	Acta Neuropathologica		http://www.springer.com/tdm	unknown	crossref_no_abstract_available	"""Background A reduced amyloid-beta (A beta)42/40 peptide ratio in blood plasma represents a peripheral biomarker of the cerebral amyloid pathology observed in Alzheimer's disease brains"""
1584	train	0text1584.txt	crossref	5	Cerebrospinal Fluid pTau181/Amyloid Beta 42 Ratio Identifies Lymphatic-Venous Anastomosis Patients Who Respond to and Benefit from the Surgery for Relief of Cognitive Impairment with a Diagnostic Accuracy of 0.744	10.1021/acsomega.5c03650.s001					unknown	crossref_no_abstract_available	beta amyloid plasma ratio difference effect positive negative median subjects peripheral cerebrospinal
